{"filesMd5":[{"page":"/config/index.js","md5":"55ba354b7b330219ec8c48bb9c514c83"},{"page":"/mediator/index.js","md5":"2b435a80195fb2899afd20e03e149e49"},{"page":"/pages/yanxuan/class/active.js","md5":"3c1e7257bf5613ce1ace2fecbede8c21"},{"page":"/pages/yanxuan/class/index.js","md5":"edb20d956b39e6859fc65179f2682361"},{"page":"/pages/yanxuan/class/topic.js","md5":"f19a573adee26a07615073df4e775f4f"},{"page":"/pages/yanxuan/detail/detail.js","md5":"91d08ba59ea8084f900f38577b4eee5b"},{"page":"/pages/yanxuan/home/index.js","md5":"3ec28222c4a1104afbf483191c2f51c5"},{"page":"/pages/yanxuan/home/msg.js","md5":"bcb8a7fec3cca937c3efbed7b82a503b"},{"page":"/pages/yanxuan/index.js","md5":"857bdbdb86224fa88024a72d0e6821e4"},{"page":"/pages/yanxuan/mine/apitest.js","md5":"e6c85aaf776f9db7d06842f9f650c5b7"},{"page":"/pages/yanxuan/mine/index.js","md5":"6360699946eb6d661ec99b5de3adb91d"},{"page":"/pages/yanxuan/mine/login.js","md5":"351063874024ff14bdf6020748448ed5"},{"page":"/pages/yanxuan/mine/person.js","md5":"f02b4f107105191cb903d3589bfaf934"},{"page":"/pages/yanxuan/order/fillorder.js","md5":"eeacf970e0b3288994c1abb0686265a3"},{"page":"/pages/yanxuan/order/order.js","md5":"25af90974cac3bcc6c5d80853a8e18bf"},{"page":"/pages/yanxuan/order/orderdetail.js","md5":"d4d61a680ca99b69c61109aa42343085"},{"page":"/pages/yanxuan/shop/index.js","md5":"a923a516dd17504abe646b5d6510d582"},{"page":"/pages/yanxuan/topic/index.js","md5":"aed6d08b9d5bd31c6585f29b13e8b698"},{"page":"/iconfont/font_1469606063_76593.ttf","md5":"f6222bcfedff4a817bb50df7a049d1db"},{"page":"/iconfont/font_1469606522_9417143.woff","md5":"6cf5490fd14ff83350ff952bb5b8e484"},{"page":"/iconfont/font_zn5b3jswpofuhaor.ttf","md5":"c0356b22e8235d2b0be8880cc81894cc"},{"page":"/iconfont/iconfont-eros.ttf","md5":"68780fad0047dc5b02cb613ebb08cda1"},{"page":"/iconfont/iconfont.ttf","md5":"ec86bfe5bdb872bad2b2af4f11da14f4"},{"page":"/assets/TabBar_Item1@2x.png","md5":"02c1875f727a1f4ec7a9e113498a96a5"},{"page":"/assets/TabBar_Item1_Selected@2x.png","md5":"d5e7609700d9a4f075e39b20fecbb9c3"},{"page":"/assets/TabBar_Item2@2x.png","md5":"a30651ed422c597849ce3d69b2f79048"},{"page":"/assets/TabBar_Item2_Selected@2x.png","md5":"fe893d14ff2d7b330a4aeefddbd8a7fa"},{"page":"/assets/TabBar_Item3@2x.png","md5":"fd2645e8081db44f2110661c2643f5cf"},{"page":"/assets/TabBar_Item3_Selected@2x.png","md5":"457d615a5c198b0148609f5eed84be70"},{"page":"/assets/address_envelope_bg.png","md5":"776d0e1a6bd09cef1cb4d19996e438fa"},{"page":"/assets/all_new_gift_nor_ic.png","md5":"bf058157ec72bacfb45c002d4ccb6684"},{"page":"/assets/all_new_gift_pressed_ic.png","md5":"68bb0efb92dc8bbab8eb01a817f8f70a"},{"page":"/assets/all_refresh_de_ic.png","md5":"aaa1148a8980c691e941968cbf1f0743"},{"page":"/assets/all_refresh_gui_ic.png","md5":"799df0b5d76d8601d9361248d8883b8b"},{"page":"/assets/all_refresh_hao_ic.png","md5":"c4d11c7630e22f0a1409bb8a1faef952"},{"page":"/assets/all_refresh_huo_ic.png","md5":"877387e7fe7b15d61826dbfad379b45b"},{"page":"/assets/all_refresh_me_ic.png","md5":"bb17e980211570087c7d89d56c13cd84"},{"page":"/assets/all_refresh_mei_ic.png","md5":"651e7b3c2f6c82d41fff95533849e49c"},{"page":"/assets/all_refresh_na_ic.png","md5":"b73f065fb54cb3d36f455ffc46d9daf1"},{"page":"/assets/all_refresh_sheng_ic.png","md5":"8cac65c0447c1e522e599ca6bf61c3cc"},{"page":"/assets/all_to_top_ic.png","md5":"1141084cf0730c805fe34c21eab29ae3"},{"page":"/assets/demo.jpg","md5":"332c4e7d5398207c1b49750369a72848"},{"page":"/assets/detail-ad.png","md5":"b46228d43ec6a156cab578f91c5707bb"},{"page":"/assets/detail-tag-1.png","md5":"94e55998ee5cc6e290a88f201113e42d"},{"page":"/assets/detail-tag-2.png","md5":"37bddcb0627021e3a6d1c65608f84200"},{"page":"/assets/detail-tag-3.png","md5":"584de141d339d18eb22351000b173cde"},{"page":"/assets/detail_service.png","md5":"03814eb4a7204ce2c026e922ee85064d"},{"page":"/assets/detail_shopping_cart.png","md5":"5869877709f0ccebc588bbc659a0505c"},{"page":"/assets/detail_star.png","md5":"5f495a00b5ac3885a6d1e427fc1df164"},{"page":"/assets/edit_nor_ic.png","md5":"9e428156130b193b5600399b22828063"},{"page":"/assets/empty_order_ic.png","md5":"09a7892b713c206648751679991c9d2d"},{"page":"/assets/eye_ic.png","md5":"a15efd2ddbd9aa19f7274eca6c7b36d0"},{"page":"/assets/gift_ic.png","md5":"bf058157ec72bacfb45c002d4ccb6684"},{"page":"/assets/home_ic_sign.png","md5":"e90c458b271cf98f213a37b64f985056"},{"page":"/assets/home_mask.png","md5":"6b5ecac6064aa763d763b89c20a49b15"},{"page":"/assets/item_order.png","md5":"0ecebe69c0f2d3859ddd07fceaa11f05"},{"page":"/assets/login_logo_ic.png","md5":"c7dd3d350bd4af0f1baa96794b523cdc"},{"page":"/assets/login_mail.png","md5":"a74cc1874438eaeeef0ecda1945916e8"},{"page":"/assets/login_nor_ic.png","md5":"438e473151a8879ef41945742be15a41"},{"page":"/assets/login_phone.png","md5":"a1514e0d0a927d5360e2c58654a15b1b"},{"page":"/assets/login_qq_ic.png","md5":"f65a825d761d48d6b4c6faac8fc6a0ea"},{"page":"/assets/login_weibo_ic.png","md5":"3f33e853a7a5200d5eca877d6b1b0303"},{"page":"/assets/login_wx_ic.png","md5":"55b4d19462ee051419ccfadaa3fe77dd"},{"page":"/assets/messages_assets_ic.png","md5":"5e9a777984b53f7a2aadfa87d54b84b0"},{"page":"/assets/msg_activitymsg_ic.png","md5":"dffda294455fde59b903ca735118b21f"},{"page":"/assets/msg_messages_ic.png","md5":"b02936d24c36faf779b3f48080688004"},{"page":"/assets/msg_notify.png","md5":"9ab1efe0a31c1d6e99b6badbc02446b9"},{"page":"/assets/msg_service_ic.png","md5":"845d5d64676272b11ed94effa18fec3f"},{"page":"/assets/notice_ic.png","md5":"d039b602fa9a2a0a4b5d5c2381e492ae"},{"page":"/assets/partner_ic.png","md5":"e97b2f09c280d107a1afed46028ac1c6"},{"page":"/assets/popup_close_ic.png","md5":"6376060514d66c3fd677d064d75dc61c"},{"page":"/assets/profile_level1_ic.png","md5":"33bfc0d6babf96eeb497f414dfeba7ed"},{"page":"/assets/profile_level2_ic.png","md5":"4dca9834206485d1e8008498eb1228a5"},{"page":"/assets/profile_level3_ic.png","md5":"7ece18c6a1d2d817a50e4f295ce943ba"},{"page":"/assets/profile_level4_ic.png","md5":"75ed187cb38955aed9442db234579bcc"},{"page":"/assets/profile_level5_ic.png","md5":"a82682b800eb1a5c09ba017959d3da02"},{"page":"/assets/profile_level6_ic.png","md5":"6a3bdd42d95ff7d4324a10d2d9714d69"},{"page":"/assets/profile_qr_code_ic.png","md5":"8a70f70c9ffc696be3ed5ff63dcae65f"},{"page":"/assets/profile_topgift_ic.png","md5":"f1a16fd96f415c67ad3a628dafcb867a"},{"page":"/assets/re-1.png","md5":"dc9dde71be9fa730602bca4ac7b0b369"},{"page":"/assets/re-2.png","md5":"feceeace7fbf149723dc97a1927c8c8e"},{"page":"/assets/re-3.png","md5":"3eb1ffbf237cb12193cb5ff24f37bae3"},{"page":"/assets/re-4.png","md5":"c1d9c7aabfab31c88b6735a619c4ca37"},{"page":"/assets/re-5.png","md5":"780da3c516f83386af6e2cf32b4e7b52"},{"page":"/assets/re-6.png","md5":"71a7ac5996eb2fa20814edd1edfe0c53"},{"page":"/assets/star-half.png","md5":"674b20305d5dd14bf4ffbc70c3c2ed4e"},{"page":"/assets/star-n-ic.png","md5":"e1bda7a96fa4a27779c5993e01a6762f"},{"page":"/assets/star-off.png","md5":"b687ce8b2b7d3b839abf29deb9b0e89e"},{"page":"/assets/star-on.png","md5":"cecced8bc4126d3f3378cc2c17057381"},{"page":"/assets/star_n_ic.png","md5":"e1bda7a96fa4a27779c5993e01a6762f"},{"page":"/assets/star_p_ic.png","md5":"9ce2ed3807fc58a9bf06669f0519e032"},{"page":"/assets/tab_category_n.png","md5":"06a7f770bc2faf83bec94ab4817baf56"},{"page":"/assets/tab_category_p.png","md5":"454efa1ad9fb9737c7cf6b0d0f211cdb"},{"page":"/assets/tab_home_n.png","md5":"150bfaa7e4c12f71c2d8cdf8cda09f96"},{"page":"/assets/tab_home_p.png","md5":"1abd3046d1155d75bb53da1f4a4ad108"},{"page":"/assets/tab_person_n.png","md5":"0e50e4b2bae6cb7b8fa9474ec7c5f73a"},{"page":"/assets/tab_person_p.png","md5":"c8a53b845d6b1847d48898775bc769d8"},{"page":"/assets/tab_shopping_cart_n.png","md5":"5869877709f0ccebc588bbc659a0505c"},{"page":"/assets/tab_shopping_cart_p.png","md5":"a7b93013ab76a8db2cf3ead6764a4422"},{"page":"/assets/tab_tasteful_n.png","md5":"a214af88aba6f850ce4bf0a508d5e6ba"},{"page":"/assets/tab_tasteful_p.png","md5":"ff223378ac41f6aa8ae02ceb5763346c"},{"page":"/assets/test.html","md5":"f97b2e7d63e6ec41fed696ffdec1b7d5"},{"page":"/assets/yx-logo.png","md5":"1624e1a21cae0259d4c121770be99ba5"},{"page":"/assets/chart/bm-chart.html","md5":"3949d7966caf98f2b75d916107049393"},{"page":"/assets/chart/bmap.min.js","md5":"a0e601995c75bf3e826ff31c49874941"},{"page":"/assets/chart/echarts.min.js","md5":"772e6fd69e21fb6f6497a1939d948828"}],"android":"1.0.0","iOS":"1.0.0","appName":"eros-yx","jsVersion":"5beac7f8098fa24be43296f6f2f40462","timestamp":1547990286310,"jsPath":"https://app.weex-eros.com/source"}
